Sample Num,Date,Day,Site,Location Type,Observation (1)/Control (0),Longitutude,Latitude(W),Forb,Grass ,Loose Soil,Rock,Shrub,Tree,Transect Distance (m),Perpendicular Distance (cm),Burrow Type,Burrow Diameter (cm),Spider Fished Out,Soil Sample Label,Silt %,Sand %,Clay %,Soil Texture,Soil pH,Density
1,8-Jul-21,1,1,1,1,37.795360,-102.864270,0,20,80,0,0,0,126.9,57,1,,1,,,,,,,34.48
2,8-Jul-21,1,1,1,0,37.794730,-102.864370,10,0,90,0,0,0,200.0,0,,,,,,,,,,34.48
3,8-Jul-21,1,1,1,0,37.794730,-102.864520,0,25,75,0,0,0,200.0,0,,,,,,,,,,34.48
4,8-Jul-21,1,1,1,1,37.790400,-102.864690,0,40,60,0,0,0,281.5,97,1,,,,,,,,,34.48
5,8-Jul-21,1,1,1,1,,,0,60,40,0,0,0,289.4,58,1,,,,,,,,,34.48
6,8-Jul-21,1,1,1,1,37.793720,-102.864580,4,20,76,0,0,0,315.2,92,1,,,,,,,,,34.48
7,8-Jul-21,1,1,1,0,37.793240,-102.864840,40,2,58,0,0,0,371.7,35,1,,,,,,,,,34.48
8,8-Jul-21,1,1,1,0,37.792690,-102.864730,5,15,80,0,0,0,400.0,0,,,,,,,,,,34.48
9,8-Jul-21,1,1,1,0,37.793010,-102.864850,2,70,28,0,0,0,400.0,0,,,,,,,,,,34.48
10,8-Jul-21,1,1,1,1,37.792830,-102.864810,10,30,60,0,0,0,415.7,23,1,,,,,,,,,34.48
11,8-Jul-21,1,1,1,0,37.791200,-102.864930,0,10,90,0,0,0,600.0,0,1,,,,,,,,,34.48
12,8-Jul-21,1,1,1,0,37.791230,-102.865070,2,15,83,0,0,0,600.0,0,1,,,,,,,,,34.48
13,9-Jul-21,2,1,1,1,,,20,40,40,0,0,0,71.8,0,1,3.00,,,,,,,,34.48
14,9-Jul-21,2,1,1,1,,,0,30,70,0,0,0,88.6,135,1,3.00,,,,,,,,34.48
15,9-Jul-21,2,1,1,0,37.799250,-102.863900,5,70,25,0,0,0,300.0,0,,,,,,,,,,34.48
16,9-Jul-21,2,1,1,0,37.799260,-102.864130,2,60,38,0,0,0,300.0,0,,,,,,,,,,34.48
17,9-Jul-21,2,1,1,1,37.799640,-102.863980,5,90,5,0,0,0,349.1,0,1,2.90,,,,,,,,34.48
18,9-Jul-21,2,1,1,1,37.799650,-102.863882,0,45,55,0,0,0,354.4,63,1,3.00,,,,,,,,34.48
19,9-Jul-21,2,1,1,1,37.799640,-102.863880,0,0,4,0,0,0,371.1,28,1,4.20,,,,,,,,34.48
20,9-Jul-21,2,1,1,1,37.799890,-102.863900,0,90,10,0,0,0,377.8,61,1,4.00,,,,,,,,34.48
21,9-Jul-21,2,1,1,1,37.799910,-102.863780,0,95,5,0,0,0,381.8,73,1,2.50,,,,,,,,34.48
22,9-Jul-21,2,1,1,1,37.800060,-102.863785,0,25,70,0,0,0,398.2,60,1,3.00,,,,,,,,34.48
23,9-Jul-21,2,1,1,0,37.800100,-102.863890,0,0,12,0,0,0,400.0,0,,,,,,,,,,34.48
24,9-Jul-21,2,1,1,0,37.800100,-102.863760,5,20,65,0,0,0,400.0,0,,,,,,,,,,34.48
25,9-Jul-21,2,1,1,1,37.800400,-102.863810,0,50,50,0,0,0,439.7,40,1,3.00,,,,,,,,34.48
26,9-Jul-21,2,1,1,1,37.800410,-102.863780,0,85,15,0,0,0,439.7,83,1,3.00,,,,,,,,34.48
27,9-Jul-21,2,1,1,1,37.800410,-102.863690,0,92,2,0,0,0,440.7,36,1,3.00,,,,,,,,34.48
28,9-Jul-21,2,1,1,1,37.801750,-102.862900,0,80,20,0,0,0,605.5,103,1,4.00,,,,,,,,34.48
29,9-Jul-21,2,1,1,0,37.802560,-102.862590,2,88,10,0,0,0,700.0,0,,,,,,,,,,34.48
30,9-Jul-21,2,1,1,0,37.802580,-102.862740,4,81,15,0,0,0,700.0,0,,,,,,,,,,34.48
31,9-Jul-21,2,1,1,1,37.802880,-102.862340,40,50,10,0,0,0,744.6,52,,2.25,,,,,,,,34.48
32,9-Jul-21,2,1,1,1,37.803330,-102.862300,30,70,0,0,0,0,787.3,57,1,3.75,,,,,,,,34.48
33,9-Jul-21,2,1,1,0,37.803340,-102.862110,0,0,100,0,0,0,800.0,0,,3.30,,,,,,,,34.48
34,9-Jul-21,2,1,1,0,37.803340,-102.862100,15,20,65,0,0,0,800.0,0,,4.00,,,,,,,,34.48
35,9-Jul-21,2,1,1,1,37.797560,-102.861020,5,75,25,0,0,0,9.0,45.3,1,4.50,,,,,,,,34.48
36,9-Jul-21,2,1,1,1,37.792500,-102.861850,2,80,18,0,0,0,9.0,83.4,1,5.00,,,,,,,,34.48
37,9-Jul-21,2,1,1,1,37.798320,-102.861770,0,60,40,0,0,0,61.2,23,1,3.00,,,,,,,,34.48
38,9-Jul-21,2,1,1,1,37.799890,-102.861520,0,50,50,0,0,0,137.3,29,1,2.75,,,,,,,,34.48
39,9-Jul-21,2,1,1,1,37.799190,-102.861380,15,65,20,0,0,0,162.0,150,1,3.50,,,,,,,,34.48
40,9-Jul-21,2,1,1,0,37.799510,-102.861300,0,40,60,0,0,0,200.0,0,,,,,,,,,,34.48
41,9-Jul-21,2,1,1,0,37.799580,-102.861450,0,85,15,0,0,0,200.0,0,1,,,,,,,,,34.48
42,9-Jul-21,2,1,1,1,37.799540,-102.861370,7,86,7,0,0,0,200.8,8,1,2.00,,,,,,,,34.48
43,9-Jul-21,2,1,1,1,37.799620,-102.861280,6,85,15,0,0,0,218.0,56,1,4.50,,,,,,,,34.48
44,9-Jul-21,2,1,1,1,37.799710,-102.861380,2,80,18,0,0,0,218.0,92,1,5.00,,,,,,,,34.48
45,9-Jul-21,2,1,1,1,37.800280,-102.860950,0,95,5,0,0,0,292.0,105,1,2.75,,,,,,,,34.48
46,9-Jul-21,2,1,1,1,37.800830,-102.860840,0,90,10,0,0,0,360.5,0,1,3.50,,,,,,,,34.48
47,9-Jul-21,2,1,1,0,37.801190,-102.860690,20,10,70,0,0,0,400.0,0,,,,,,,,,,34.48
48,9-Jul-21,2,1,1,0,37.801220,-102.860840,2,50,48,0,0,0,400.0,0,,,,,,,,,,34.48
49,9-Jul-21,2,1,1,0,37.801250,-102.861070,0,15,85,0,0,0,400.0,0,,,,,,,,,,34.48
50,9-Jul-21,2,1,1,1,37.801960,-102.860510,60,70,15,0,0,0,486.0,20,1,3.00,,,,,,,,34.48
51,9-Jul-21,2,1,1,1,37.802110,-102.860660,0,5,95,0,0,0,499.0,0,1,3.75,,,,,,,,34.48
52,9-Jul-21,2,1,1,1,37.802130,-102.860530,18,10,80,0,0,0,504.0,14,1,3.00,,,,,,,,34.48
53,9-Jul-21,2,1,1,0,37.802940,-102.860020,0,5,95,0,0,0,600.0,0,,,,,,,,,,34.48
54,9-Jul-21,2,1,1,0,37.802940,-102.860210,5,60,35,0,0,0,600.0,0,,,,,,,,,,34.48
55,9-Jul-21,2,1,1,0,37.803030,-102.860300,2,5,93,0,0,0,600.0,0,1,,,,,,,,,34.48
56,9-Jul-21,2,1,1,1,37.803500,-102.859550,10,20,70,0,0,0,664.0,42,1,3.70,,,,,,,,34.48
57,9-Jul-21,2,1,1,1,37.803760,-102.860000,0,70,70,0,0,0,645.3,104,1,2.70,,,,,,,,34.48
58,9-Jul-21,2,1,1,1,37.803590,-102.860600,5,5,90,0,0,0,766.8,52,1,3.75,,,,,,,,34.48
59,9-Jul-21,2,1,1,0,37.803360,-102.860880,0,30,68,2,0,0,800.0,0,,,,,,,,,,34.48
60,9-Jul-21,2,1,1,0,37.803310,-102.860760,40,20,40,0,0,0,800.0,0,,,,,,,,,,34.48
61,9-Jul-21,2,1,1,0,37.803290,-102.860680,5,95,0,0,0,0,800.0,0,1,,,,,,,,,34.48
62,9-Jul-21,2,1,1,1,37.802950,-102.861150,15,25,60,0,0,0,849.3,0,1,2.75,,,,,,,,34.48
63,9-Jul-21,2,1,1,1,37.801720,-102.861700,0,60,40,0,0,0,994.3,23,1,3.50,,,,,,,,34.48
64,9-Jul-21,2,1,1,0,37.801680,-102.861720,0,30,70,0,0,0,1000.0,0,,,,,,,,,,34.48
65,9-Jul-21,2,1,1,0,37.801720,-102.861790,30,0,70,0,0,0,1000.0,0,,,,,,,,,,34.48
66,9-Jul-21,2,1,1,0,37.801640,-102.861650,0,10,90,0,0,0,1000.0,0,,,,,,,,,,34.48
67,10-Jul-21,3,1,1,1,37.792170,-102.860210,5,80,15,0,0,0,200.0,0,1,2.31,,,,,,,,34.48
68,10-Jul-21,3,1,1,1,37.792130,-102.860300,10,70,30,0,0,0,200.0,26,1,2.74,,,,,,,,34.48
69,10-Jul-21,3,1,1,0,37.792180,-102.868080,25,0,70,0,0,0,200.0,0,,,,,,,,,,34.48
70,10-Jul-21,3,1,1,0,37.792150,-102.859980,5,0,95,0,0,0,200.0,0,1,2.30,,,,,,,,34.48
71,10-Jul-21,3,1,1,1,37.792213,-102.860180,2,60,38,0,0,2,207.8,61,1,2.25,,,,,,,,34.48
72,10-Jul-21,3,1,1,1,37.792213,-102.860180,5,40,60,0,0,0,207.8,89,1,3.00,,,,,,,,34.48
73,10-Jul-21,3,1,1,1,37.792213,-102.860180,2,75,20,0,0,0,207.8,133,1,3.00,,,,,,,,34.48
74,10-Jul-21,3,1,1,1,37.792213,-102.860180,5,40,55,0,0,0,207.8,130,1,4.50,,,,,,,,34.48
75,10-Jul-21,3,1,1,1,37.790900,-102.859535,10,35,55,0,0,0,349.3,36,1,3.00,,,,,,,,34.48
76,10-Jul-21,3,1,1,0,37.790440,-102.859630,10,75,25,0,0,0,400.0,0,,,,,,,,,,34.48
77,10-Jul-21,3,1,1,0,37.790440,-102.859520,5,45,50,0,0,0,400.0,0,,,,,,,,,,34.48
78,10-Jul-21,3,1,1,0,37.790460,-102.859420,60,70,20,0,0,0,400.0,0,,,,,,,,,,34.48
79,10-Jul-21,3,1,1,0,37.790480,-102.859360,0,50,50,0,0,0,400.0,0,,,,,,,,,,34.48
80,10-Jul-21,3,1,1,1,37.790410,-102.859500,30,70,0,0,0,0,403.2,50,1,3.00,,,,,,,,34.48
81,10-Jul-21,3,1,1,1,37.790057,-102.859240,30,10,100,0,0,0,443.6,33,1,3.00,,,,,,,,34.48
82,10-Jul-21,3,1,1,1,37.788700,-102.857870,30,60,70,0,0,0,519.5,0,,3.75,,,,,,,,34.48
83,10-Jul-21,3,1,1,0,37.784680,-102.858840,40,15,25,0,0,0,600.0,0,,,,,,,,,,34.48
84,10-Jul-21,3,1,1,0,37.788700,-102.858940,50,15,0,0,0,0,600.0,0,1,,,,,,,,,34.48
85,10-Jul-21,3,1,1,0,37.788700,-102.859010,0,15,0,0,0,0,600.0,0,,,,,,,,,,34.48
86,10-Jul-21,3,1,1,0,37.788700,-102.859000,60,15,25,0,0,0,600.0,0,,,,,,,,,,34.48
87,10-Jul-21,3,1,1,1,37.788640,-102.858930,40,5,55,0,0,0,608.0,43,1,3.50,,,,,,,,34.48
88,10-Jul-21,3,1,1,1,37.788940,-102.858930,80,5,15,0,0,0,619.4,120,1,3.70,,,,,,,,34.48
89,10-Jul-21,3,1,1,1,37.788430,-102.856860,40,0,60,0,0,0,631.7,118,1,2.50,,,,,,,,34.48
90,10-Jul-21,3,1,1,1,37.788410,-102.858920,10,10,80,0,0,0,633.3,56,1,1.75,,,,,,,,34.48
91,10-Jul-21,3,1,1,1,37.788160,-102.858570,15,3,82,0,0,0,669.0,161,1,3.75,,,,,,,,34.48
92,10-Jul-21,3,1,1,1,37.787760,-102.858460,0,90,10,0,0,0,714.4,179,1,3.00,,,,,,,,34.48
93,10-Jul-21,3,1,1,1,37.787760,-102.858610,0,75,25,0,0,0,721.2,124,1,3.50,,,,,,,,34.48
94,10-Jul-21,3,1,1,1,37.787430,-102.858540,10,75,20,0,0,0,746.3,23,1,3.75,,,,,,,,34.48
95,10-Jul-21,3,1,1,1,37.787370,-102.858510,10,90,0,0,0,0,756.0,85,1,3.00,,,,,,,,34.48
96,10-Jul-21,3,1,1,1,37.787380,-102.858410,0,85,15,0,0,0,756.4,132,1,3.00,,,,,,,,34.48
97,10-Jul-21,3,1,1,1,37.787370,-102.858420,0,96,5,0,0,0,756.4,181,1,3.75,,,,,,,,34.48
98,10-Jul-21,3,1,1,1,37.787170,-102.858250,15,60,25,0,0,0,789.0,42,1,3.00,,,,,,,,34.48
99,10-Jul-21,3,1,1,1,37.787050,-102.858250,15,35,59,0,0,0,793.4,38,1,2.00,,,,,,,,34.48
100,10-Jul-21,3,1,1,0,37.787010,-102.858100,15,10,75,0,0,0,800.0,0,1,,,,,,,,,34.48
101,10-Jul-21,3,1,1,0,37.787010,-102.855170,15,10,70,0,0,0,800.0,0,,,,,,,,,,34.48
102,10-Jul-21,3,1,1,0,37.787000,-102.858250,75,50,20,0,0,0,800.0,0,,,,,,,,,,34.48
103,10-Jul-21,3,1,1,0,37.787869,-102.858300,0,50,50,0,0,0,800.0,0,,,,,,,,,,34.48
104,10-Jul-21,3,1,1,1,37.787010,-102.858510,0,85,15,0,0,0,802.0,121,1,2.75,,,,,,,,34.48
105,10-Jul-21,3,1,1,1,37.786350,-102.857980,5,10,35,0,0,0,877.6,194,1,2.75,,,,,,,,34.48
106,10-Jul-21,3,1,1,1,37.785840,-102.857810,0,90,10,0,0,0,932.5,190,1,3.00,,,,,,,,34.48
107,10-Jul-21,3,1,1,0,37.785340,-102.857480,5,5,89,1,0,0,1000.0,0,,,,,,,,,,34.48
108,10-Jul-21,3,1,1,0,37.785330,-102.857550,5,10,0,0,0,0,1000.0,0,,,,,,,,,,34.48
109,10-Jul-21,3,1,1,0,37.785290,-102.857720,15,5,80,0,0,0,1000.0,0,,,,,,,,,,34.48
110,10-Jul-21,3,1,1,1,37.785310,-102.857640,0,0,25,0,0,0,1100.0,14,1,3.00,,,,,,,,34.48
111,10-Jul-21,3,1,1,1,37.784460,-102.857250,20,60,15,0,0,0,1101.5,57,1,3.00,,,,,,,,34.48
112,10-Jul-21,3,1,1,1,37.784390,-102.856990,15,20,65,0,0,0,1119.6,0,1,2.75,,,,,,,,34.48
113,10-Jul-21,3,2,0,1,37.789390,-102.894940,2,95,3,0,0,0,30.1,0,1,3.00,,,,,,,,
114,10-Jul-21,3,2,0,1,37.789450,-102.894890,5,95,5,0,0,0,53.6,86,1,2.25,,,,,,,,
115,10-Jul-21,3,2,0,1,37.789440,-102.894830,15,40,40,0,0,0,56.6,182,1,3.00,,,,,,,,
116,10-Jul-21,3,2,0,1,37.789390,-102.895680,2,10,58,0,0,0,130.5,0,1,2.75,,,,,,,,
117,10-Jul-21,3,2,0,1,37.789320,-102.895810,5,80,15,0,0,0,145.2,20,1,2.75,,,,,,,,
118,10-Jul-21,3,2,0,0,37.789220,-102.896440,15,40,45,0,0,0,200.0,0,,,,,,,,,,
119,10-Jul-21,3,2,0,0,37.789280,-102.896410,0,10,90,0,0,0,200.0,0,,,,,,,,,,
120,10-Jul-21,3,2,0,0,37.789359,-102.896460,30,75,25,0,0,0,200.0,0,,,,,,,,,,
121,10-Jul-21,3,2,0,1,37.789340,-102.896910,50,40,50,0,0,0,239.7,23,1,4.00,,,,,,,,
122,10-Jul-21,3,2,0,1,37.789220,-102.896960,8,60,32,0,0,0,241.1,52,1,3.25,,,,,,,,
123,10-Jul-21,3,2,0,1,37.789280,-102.897450,1,40,59,0,0,0,290.3,28,1,2.75,,,,,,,,
124,10-Jul-21,3,2,0,1,37.789590,-102.897840,0,60,40,0,0,0,324.1,34,1,3.75,,,,,,,,
125,10-Jul-21,3,2,0,1,37.789340,-102.897160,0,60,40,0,0,0,334.8,140,1,3.00,,,,,,,,
126,10-Jul-21,3,2,0,1,37.789020,-102.898625,0,35,65,0,0,0,364.0,20,1,2.00,,,,,,,,
127,10-Jul-21,3,2,0,1,37.789020,-102.897835,0,70,30,0,0,0,372.0,137,1,4.00,,,,,,,,
128,10-Jul-21,3,2,0,1,37.789170,-102.897835,20,40,60,0,0,0,374.0,172,1,3.00,,,,,,,,
129,10-Jul-21,3,2,0,0,37.788910,-102.898660,0,60,40,0,0,0,400.0,0,,,,,,,,,,
130,10-Jul-21,3,2,0,0,37.788970,-102.898660,0,60,40,0,0,0,400.0,0,,,,,,,,,,
131,10-Jul-21,3,2,0,0,37.789070,-102.898640,0,100,0,0,0,0,400.0,0,,,,,,,,,,
132,10-Jul-21,3,2,0,1,37.789110,-102.898700,0,25,75,0,0,0,400.2,82,1,2.00,,,,,,,,
133,10-Jul-21,3,2,0,1,37.789090,-102.898620,0,70,30,0,0,0,407.2,110,1,3.50,,,,,,,,
134,10-Jul-21,3,2,0,1,37.789200,-102.898050,5,65,35,0,0,0,459.0,114,1,2.75,,,,,,,,
135,10-Jul-21,3,2,0,1,37.789290,-102.898000,2,93,5,0,0,0,463.2,0,1,3.75,,,,,,,,
136,10-Jul-21,3,2,0,1,37.789290,-102.898600,2,95,3,0,0,0,462.0,0,1,4.50,,,,,,,,
137,10-Jul-21,3,2,0,1,37.789190,-102.897970,20,60,20,0,0,0,465.1,118,1,4.00,,,,,,,,
138,10-Jul-21,3,2,0,1,37.789210,-102.897970,20,90,10,0,0,0,465.1,25,1,3.85,,,,,,,,
139,10-Jul-21,3,2,0,1,37.789410,-102.897870,10,20,70,0,0,0,473.9,2,1,4.75,,,,,,,,
140,10-Jul-21,3,2,0,1,37.789450,-102.898975,10,25,75,0,0,0,513.5,62,1,4.50,,,,,,,,
141,10-Jul-21,3,2,0,1,37.789480,-102.897320,10,10,80,0,0,0,525.1,5,1,2.50,,,,,,,,
142,10-Jul-21,3,2,0,1,37.789440,-102.897320,40,5,55,0,0,0,526.8,25,1,2.50,,,,,,,,
143,10-Jul-21,3,2,0,1,37.789370,-102.897300,2,90,10,0,0,0,528.0,59,1,3.75,,,,,,,,
144,10-Jul-21,3,2,0,1,37.789040,-102.897220,30,25,50,0,0,0,528.0,132,1,1.75,,,,,,,,
145,10-Jul-21,3,2,0,1,37.789320,-102.897210,15,35,50,0,0,0,543.7,82,1,3.00,,,,,,,,
146,10-Jul-21,3,2,0,1,37.789320,-102.897190,0,70,30,0,0,0,543.7,155,1,1.00,,,,,,,,
147,10-Jul-21,3,2,0,1,37.789330,-102.897160,0,50,24,0,0,0,537.8,205,1,2.50,,,,,,,,
148,10-Jul-21,3,2,0,1,37.789460,-102.897160,10,30,60,0,0,0,539.3,15,1,2.00,,,,,,,,
149,10-Jul-21,3,2,0,1,37.789440,-102.896210,0,80,80,0,0,0,539.3,227,1,5.15,,,,,,,,
150,10-Jul-21,3,2,0,1,37.789490,-102.896810,5,75,25,0,0,0,560.0,162,1,3.50,,,,,,,,
151,10-Jul-21,3,2,0,1,37.789350,-102.896640,65,30,45,0,0,0,561.9,104,1,4.00,,,,,,,,
152,10-Jul-21,3,2,0,1,37.789450,-102.896610,0,25,60,0,0,0,585.1,110,1,1.75,,,,,,,,
153,10-Jul-21,3,2,0,1,37.789420,-102.896600,0,60,40,0,0,0,585.1,406,1,3.50,,,,,,,,
154,10-Jul-21,3,2,0,1,37.789410,-102.896680,0,50,50,0,0,0,585.1,50,1,2.50,,,,,,,,
155,10-Jul-21,3,2,0,1,37.789390,-102.896610,0,35,65,0,0,0,587.8,52,1,2.00,,,,,,,,
156,10-Jul-21,3,2,0,1,37.789510,-102.896610,2,80,20,0,0,0,587.8,28,1,3.75,,,,,,,,
157,10-Jul-21,3,2,0,0,37.789510,-102.896480,5,20,75,0,0,0,600.0,0,,,,,,,,,,
158,10-Jul-21,3,2,0,0,37.789450,-102.896480,0,15,85,0,0,0,600.0,0,,,,,,,,,,
159,10-Jul-21,3,2,0,0,37.789410,-102.896480,10,40,50,0,0,0,600.0,0,,,,,,,,,,
160,10-Jul-21,4,2,0,1,37.789141,-102.896342,25,30,60,0,0,0,61.7,87,1,4.50,,,,,,,,
161,10-Jul-21,4,2,0,1,37.789080,-102.896234,0,70,30,0,0,0,61.7,159,1,2.75,,,,,,,,
162,10-Jul-21,4,2,0,1,37.789025,-102.896331,0,60,40,0,0,0,70.5,0,1,2.00,,,,,,,,
163,10-Jul-21,4,2,0,1,37.788940,-102.896506,40,40,20,0,0,0,85.5,0,1,3.50,,,,,,,,
164,10-Jul-21,4,2,0,1,37.788900,-102.896458,0,90,10,0,0,0,87.0,115,1,3.50,,,,,,,,
165,10-Jul-21,4,2,0,1,37.788910,-102.896435,2,90,10,0,0,0,87.6,55,1,4.00,,,,,,,,
166,10-Jul-21,4,2,0,1,37.788870,-102.896517,1,5,96,0,0,0,92.2,0,1,3.00,,,,,,,,
167,10-Jul-21,4,2,0,1,37.887670,-102.896532,10,90,0,0,0,0,92.2,347,1,3.75,,,,,,,,
168,10-Jul-21,4,2,0,1,37.788810,-102.896510,3,75,92,0,0,0,102.3,140.5,1,5.00,,,,,,,,
169,10-Jul-21,4,2,0,1,37.788770,-102.896540,0,77,5,0,0,0,100.9,0,1,3.00,,,,,,,,
170,10-Jul-21,4,2,0,1,37.788780,-102.896480,0,0,23,0,0,0,102.8,465,1,5.00,,,,,,,,20% dung
171,10-Jul-21,4,2,0,1,37.788770,-102.896550,70,60,70,0,0,0,104.2,32,1,4.50,,,,,,,,
172,10-Jul-21,4,2,0,1,37.788757,-102.896664,0,100,40,0,0,0,106.6,36.1,1,3.00,,,,,,,,
173,10-Jul-21,4,2,0,1,37.788757,-102.896627,0,100,0,0,0,0,107.9,498,1,3.50,,,,,,,,
174,10-Jul-21,4,2,0,1,37.788520,-102.897030,0,90,0,0,0,0,152.7,127,1,3.00,,,,,,,,
175,10-Jul-21,4,2,0,1,37.788530,-102.897000,0,80,10,0,0,0,152.0,0,1,3.00,,,,,,,,
176,10-Jul-21,4,2,0,1,37.788420,-102.897220,0,90,20,0,0,0,171.2,6,1,5.00,,,,,,,,
177,10-Jul-21,4,2,0,1,37.788420,-102.897190,0,100,5,0,0,0,173.2,7,1,4.50,,,,,,,,
178,10-Jul-21,4,2,0,1,37.788350,-102.897110,0,55,40,0,0,0,174.8,179,1,3.00,,,,,,,,
179,10-Jul-21,4,2,0,1,37.788270,-102.897360,0,20,45,0,0,0,195.6,330,1,3.00,,,,,,,,
180,10-Jul-21,4,2,0,1,37.788204,-102.897266,0,60,80,0,0,0,195.6,67.1,1,4.00,,,,,,,,
181,10-Jul-21,4,2,0,1,37.788310,-102.897420,0,15,20,0,0,0,196.6,74,1,3.00,,,,,,,,
182,10-Jul-21,4,2,0,1,37.788260,-102.897350,20,80,65,0,0,0,196.6,217,1,2.00,,,,,,,,
183,10-Jul-21,4,2,0,1,37.788243,-102.897491,15,85,5,0,0,0,206.4,100,1,4.00,,,,,,,,
184,10-Jul-21,4,2,0,1,37.788200,-102.897560,0,30,65,0,0,0,214.0,0,1,3.00,,,,,,,,
185,10-Jul-21,4,2,0,1,37.788000,-102.898090,1,10,70,0,0,0,260.3,0,1,1.10,,,,,,,,
186,10-Jul-21,4,2,0,1,37.787970,-102.898120,20,0,80,0,0,0,268.5,41,1,4.10,,,,,,,,
187,10-Jul-21,4,2,0,0,37.788240,-102.897113,0,20,80,0,0,0,200.0,0,,,,,,,,,,
188,10-Jul-21,4,2,0,0,37.788220,-102.898739,0,75,25,0,0,0,200.0,0,,,,,,,,,,
189,10-Jul-21,4,2,0,1,37.787950,-102.898130,2,30,70,0,0,0,272.2,150,1,2.00,,,,,,,,
190,10-Jul-21,4,2,0,1,37.787950,-102.898150,5,40,55,0,0,0,272.7,0,1,3.50,,,,,,,,
191,31-Jul-21,5,3,0,1,37.884060,--103.140570,30,65,15,0,0,0,72.6,164,1,2,,,,,,,,
192,31-Jul-21,5,3,0,1,37.883950,-103.140090,66,10,30,0,0,0,83.8,44,1,3.5,,,,,,,,
193,31-Jul-21,5,3,0,1,37.883610,--103.140160,0,70,30,0,0,0,122.6,100,1,4,,,,,,,,
194,31-Jul-21,5,3,0,1,37.883210,-103.140190,2,98,0,0,0,0,116.8,42,1,4,,,,,,,,
195,31-Jul-21,5,3,0,1,37.882480,-103.140190,0,72,28,0,0,0,246.6,40,1,1.5,,,,,,,,
196,31-Jul-21,5,3,0,1,37.882320,-103.140170,5,15,80,0,0,0,264.5,123,1,2.8,,,,,,,,
197,31-Jul-21,5,3,0,0,37.882000,-103.140230,10,80,10,0,0,0,300.0,0,,,,,,,,,,
198,31-Jul-21,5,3,0,0,37.881090,-103.140490,0,20,65,0,70,0,400.0,0,,,,,,,,,,
199,31-Jul-21,5,3,0,0,37.881070,-103.140380,1,25,74,0,0,0,400.0,0,,,,,,,,,,
200,31-Jul-21,5,3,0,1,37.879710,-103.140970,0,95,5,0,0,0,561.0,172,1,2,,,,,,,,
201,31-Jul-21,5,3,0,1,37.879610,-103.140970,0,73,37,0,0,0,568.0,264,1,3,,,,,,,,
202,31-Jul-21,5,3,0,1,37.879620,-103.140920,0,32,68,0,0,0,568.0,322,1,3.5,,,,,,,,
203,31-Jul-21,5,3,0,0,37.879320,-103.141040,5,15,80,0,0,0,600.0,0,,,,,,,,,,
204,31-Jul-21,5,3,0,0,37.879380,-103.140910,0,65,35,0,0,0,600.0,0,,,,,,,,,,
205,31-Jul-21,5,3,0,1,37.878740,-103.141180,0,79,21,0,0,0,668.0,43,1,5,,,,,,,,
206,31-Jul-21,5,3,0,1,37.878430,-103.141270,1,70,30,0,0,0,705.0,140,1,3.5,,,,,,,,
207,31-Jul-21,5,3,0,1,37.878240,-103.141210,18,10,72,0,0,0,721.9,45,0,4,,,,,,,,
208,31-Jul-21,5,3,0,0,37.877580,-103.141460,35,15,80,0,0,0,800.0,0,,,,,,,,,,
209,31-Jul-21,5,3,0,0,37.877550,-103.141280,0,100,0,0,0,0,800.0,0,,,,,,,,,,
210,31-Jul-21,5,3,0,1,37.871700,-103.141670,0,0,100,0,0,0,848.1,119,1,3.5,,,,,,,,
211,31-Jul-21,5,3,0,1,37.877160,-103.141620,80,15,35,0,0,0,848.1,0,1,4,,,,,,,,
212,31-Jul-21,5,3,0,1,37.876960,-103.141750,0,85,15,0,0,0,870.6,44,1,4,,,,,,,,
213,31-Jul-21,5,3,0,1,37.876520,-103.141900,5,80,35,0,0,0,917.6,0,1,7,,,,,,,,
214,31-Jul-21,5,3,0,0,37.758400,-103.142200,0,32,68,0,0,0,1000.0,0,,,,,,,,,,
215,31-Jul-21,5,3,0,0,37.875830,-103.142140,72,35,22,0,0,0,1000.0,0,,,,,,,,,,
216,31-Jul-21,5,3,0,1,37.876040,-103.141830,100,0,0,0,0,0,18.5,43,1,6,,,,,,,,
217,31-Jul-21,5,3,0,1,37.876600,-103.141150,17,76,7,0,0,0,104.4,0,1,4.5,,,,,,,,
218,31-Jul-21,5,3,0,1,37.876840,-103.140890,0,5,95,0,0,0,137.8,33,1,3.5,,,,,,,,
219,31-Jul-21,5,3,0,1,37.876840,-103.140880,1,99,0,0,0,0,137.8,95,1,2.5,,,,,,,,
220,31-Jul-21,5,3,0,1,37.876900,-103.140950,0,55,45,0,0,0,142.2,0,1,3,,,,,,,,
221,31-Jul-21,5,3,0,1,37.876910,-103.140910,0,23,77,0,0,0,142.2.,36,1,2,,,,,,,,
222,31-Jul-21,5,3,0,1,37.876810,-103.140850,1,84,15,0,0,0,142.3,37,1,6,,,,,,,,
223,31-Jul-21,5,3,0,1,37.876860,-103.140880,0,55,45,0,0,0,141.1,270,1,1,,,,,,,,
224,31-Jul-21,5,3,0,1,37.877480,-103.140710,0,25,65,0,0,0,200.9,0,1,4.5,,,,,,,,
225,31-Jul-21,5,3,0,0,37.877430,-103.140610,0,40,60,0,0,0,200.0,0,,,,,,,,,,
226,31-Jul-21,5,3,0,0,37.879250,-103.140460,15,45,40,0,0,0,400.0,0,,,,,,,,,,
227,31-Jul-21,5,3,0,0,37.879270,-103.140510,17,3,80,0,0,0,400.0,0,,,,,,,,,,
228,31-Jul-21,5,3,0,0,37.887035,-103.140009,0,10,0,90,0,0,600.0,0,,,,,,,,,,
229,31-Jul-21,5,3,0,0,37.881022,-103.146265,0,0,0,100,0,0,600.0,0,,,,,,,,,,
230,31-Jul-21,5,3,0,1,37.882350,-103.131020,0,85,15,0,0,0,78.7,0,1,2.50,,,,,,,,
231,31-Jul-21,5,3,0,0,37.883610,-103.139200,35,44,21,0,0,0,200.0,0,,,,,,,,,,
232,31-Jul-21,5,3,0,0,37.883590,-103.139290,5,15,80,0,0,0,200.0,0,,,,,,,,,,
233,31-Jul-21,5,3,0,1,37.885330,-103.139290,4,7,89,0,0,0,394.8,67,1,3.50,,,,,,,,
234,31-Jul-21,5,3,0,0,37.885370,-103.139500,0,75,25,0,0,0,400.0,0,,3.00,,,,,,,,
235,31-Jul-21,5,3,0,1,37.885110,-103.139580,0,60,40,0,0,0,400.6,43,,3.00,,,,,,,,
236,31-Jul-21,5,3,0,1,37.886360,-103.139270,15,70,15,0,0,0,506.4,0,1,2.75,,,,,,,,
237,31-Jul-21,5,3,0,1,37.886310,-103.139680,0,100,0,0,0,0,536.9,402,1,3.00,,,,,,,,
238,31-Jul-21,5,3,0,1,37.886560,-103.145380,0,35,0,65,0,0,600.0,0,,,,,,,,,,
239,31-Jul-21,5,3,0,1,37.886520,-103.145390,0,0,0,100,0,0,600.0,0,,,,,,,,,,
240,31-Jul-21,5,3,0,1,37.885620,-103.138830,0,22,0,0,0,0,86.1,0,1,4.42,,,,,,,,
241,31-Jul-21,5,3,0,1,37.885914,-103.141354,0,23,77,0,0,0,99.7,94,1,3.00,,,,,,,,
242,31-Jul-21,5,3,0,0,37.884979,-103.141790,0,0,38,0,0,0,200.0,0,,,,,,,,,,
243,31-Jul-21,5,3,0,0,37.884920,-103.141712,100,0,0,0,0,0,200.0,0,,,,,,,,,,
244,31-Jul-21,5,3,0,1,37.884340,-103.140130,0,80,20,0,0,0,247.6,83,1,3.50,,,,,,,,
245,31-Jul-21,5,3,0,1,37.883420,-103.139950,15,20,0,70,0,0,345.4,130,1,4.50,,,,,,,,
246,31-Jul-21,5,3,0,0,37.882854,-103.139648,0,75,25,0,0,0,400.0,0,,,,,,,,,,
247,31-Jul-21,5,3,0,0,37.882540,-103.139647,25,20,57,0,0,0,400.0,0,,,,,,,,,,
248,31-Jul-21,5,3,0,1,37.882300,-103.139708,0,40,60,0,0,0,0.0,0,1,2.00,,,,,,,,
249,31-Jul-21,5,3,0,0,37.884550,-103.139655,1,99,0,0,0,0,200.0,0,,,,,,,,,,
250,31-Jul-21,5,3,0,1,37.884074,-103.139632,15,85,0,0,0,0,207.7,83,1,2.50,,,,,,,,
251,31-Jul-21,5,3,0,0,37.882690,-103.139652,40,60,0,0,0,0,200.0,40,,,,,,,,,,
252,31-Jul-21,5,3,0,1,37.884827,-103.138590,2,55,43,0,0,0,281.3,302.5,1,3.00,,,,,,,,
253,31-Jul-21,5,3,0,1,37.884983,-103.139522,73,50,40,0,0,0,181.2,0,1,4.00,,,,,,,,
254,31-Jul-21,5,3,0,0,37.882690,-103.139181,4,5,91,0,0,0,200.0,0,,,,,,,,,,
255,31-Jul-21,5,3,0,0,37.882696,-103.139087,80,20,0,0,0,0,200.0,0,,3.00,,,,,,,,
256,31-Jul-21,5,3,0,1,37.880999,-103.139424,77,5,20,0,0,0,370.4,41,1,,,,,,,,,
257,6-Aug-21,6,3,0,0,37.865530,-103.124050,24,8,37,4,0,0,200.0,0,,,,,,,,,,
258,6-Aug-21,6,3,0,1,37.865430,-103.124030,0,30,30,0,40,0,208.1,86,1,1.90,,,,,,,,
259,6-Aug-21,6,3,0,1,37.865300,-103.123990,5,95,2,0,0,0,222.2,50,1,2.80,,,,,,,,
260,6-Aug-21,6,3,0,1,37.864237,-103.123491,0,65,35,0,0,0,338.9,132,1,3.80,,,,,,,,
261,6-Aug-21,6,3,0,1,37.864245,-103.124015,45,90,0,0,0,0,337.9,352,1,2.90,,,,,,,,
262,6-Aug-21,6,3,0,1,37.863740,-103.124120,0,70,30,0,0,0,393.3,35,1,2.10,,,,,,,,
263,6-Aug-21,6,3,0,0,37.864245,-103.124015,0,90,10,0,0,0,400.0,0,,,,,,,,,,
264,6-Aug-21,6,3,0,1,37.863170,-103.124290,15,35,50,0,0,0,455.4,65,1,1.70,,,,,,,,
265,6-Aug-21,6,3,0,1,37.861984,-103.124549,0,98,5,0,0,0,585.5,84,1,2.00,,,,,,,,
266,6-Aug-21,6,3,0,0,37.861984,-103.124549,0,100,0,0,0,0,600.0,0,,,,,,,,,,
267,6-Aug-21,6,3,0,1,37.861380,-103.124330,5,75,20,0,0,0,659.2,71,1,3.00,,,,,,,,
268,6-Aug-21,6,3,0,1,37.860970,-103.124030,0,90,10,0,0,0,702.5,7,1,2.70,,,,,,,,
269,6-Aug-21,6,3,0,1,37.860980,-103.124520,1,99,0,0,0,0,702.8,132,1,2.50,,,,,,,,
270,6-Aug-21,6,3,0,1,37.860970,-103.124020,0,80,20,0,0,0,703.6,77.3,1,3.00,,,,,,,,
271,6-Aug-21,6,3,0,1,37.860970,-103.124020,40,25,68,0,0,0,721.8,44,1,3.00,,,,,,,,
272,6-Aug-21,6,3,0,0,37.860070,-103.124140,0,60,40,0,0,0,800.0,0,,2.00,,,,,,,,
273,6-Aug-21,6,3,0,0,37.858240,-103.124500,0,90,10,0,0,0,1000.0,0,,,,,,,,,,
274,6-Aug-21,6,3,0,1,37.858230,-103.124290,0,70,35,0,0,0,0.0,0,1,2.80,,,,,,,,
275,6-Aug-21,6,3,0,1,37.859450,-103.123920,1,100,0,0,0,0,131.0,42,1,4.00,,,,,,,,
276,6-Aug-21,6,4,1,1,37.799460,-103.854310,0,75.0,25,0,0,0,0.0,0,1,4.00,,,,,,,,
277,6-Aug-21,6,4,1,1,37.799620,-103.853940,2,60.0,38,0,0,0,34.6,86.5,1,3.30,,,,,,,,
278,6-Aug-21,6,4,1,1,37.799630,-103.853940,0,0.0,20,0,0,0,37.5,94,1,3.50,,,,,,,,
279,6-Aug-21,6,4,1,1,37.799920,-103.853340,0,85.0,15,0,0,0,99.8,23.9,1,6.00,,,,,,,,
280,6-Aug-21,6,4,1,1,37.799930,-103.853230,45,15.0,38,0,0,0,101.6,28.2,1,3.10,,,,,,,,
281,6-Aug-21,6,4,1,1,37.799990,-103.852840,20,15.0,0,0,0,0,142.2,207,1,3.30,,,,,,,,
282,6-Aug-21,6,4,1,1,37.800030,-103.852840,30,70.0,20,0,0,0,142.2,257,1,3.50,,,,,,,,
283,6-Aug-21,6,4,1,0,37.800060,-103.852140,,25.0,75,0,0,0,200.0,0,,,,,,,,,,
284,6-Aug-21,6,4,1,1,37.800100,-103.851770,0,50.0,50,0,0,0,234.0,79,1,1.50,,,,,,,,
285,6-Aug-21,6,3,0,1,37.866240,-103.124110,0,98,2,0,0,0,128.8,55.2,1,3.00,,,,,,,,
286,6-Aug-21,6,3,0,1,37.866040,-103.124030,0,50,60,0,0,0,146.8,25.0,1,4.50,,,,,,,,
287,6-Aug-21,6,3,0,1,37.866020,-103.124050,0,96,4,0,0,0,149.9,90.0,1,3.50,,,,,,,,
288,6-Aug-21,6,3,0,1,37.865910,-103.124000,0,70,30,0,0,0,163.0,34.0,1,3.20,,,,,,,,
289,6-Aug-21,6,3,0,0,37.865530,-103.124020,0,83,17,0,0,0,200.0,0,,,,,,,,,,
290,6-Aug-21,6,3,0,1,37.865230,-103.123890,0,60,40,0,0,0,,6,1,2.70,,,,,,,,
291,6-Aug-21,6,3,0,0,37.863690,-103.124080,0,50,50,0,0,0,400.0,0,,,,,,,,,,
292,6-Aug-21,6,3,0,1,37.863250,-103.124210,0,80,20,0,0,0,44.9,7,1,2.70,,,,,,,,
293,6-Aug-21,6,3,0,1,37.863110,-103.124240,0,97,3,0,0,0,459.5,194,,,,,,,,,,
294,6-Aug-21,6,3,0,1,37.861970,-103.124540,0,95,5,0,0,0,585.5,45,1,4.00,,,,,,,,
295,6-Aug-21,6,3,0,1,37.861970,-103.124530,0,50,50,0,0,0,586.1,310,1,3.00,,,,,,,,
296,6-Aug-21,6,3,0,0,37.861800,-103.124520,0,75,5,0,0,0,600.0,0,1,1.80,,,,,,,,
297,6-Aug-21,6,3,0,1,37.860970,-103.124000,0,47,53,0,0,0,703.5,0,,,,,,,,,,
298,6-Aug-21,6,3,0,0,37.860080,-103.124090,0,80,20,0,0,0,800.0,0,1,3.50,,,,,,,,
299,6-Aug-21,6,3,0,1,37.859830,-103.124070,0,10,90,0,0,0,825.6,360,,,,,,,,,,
300,6-Aug-21,6,3,0,0,37.858250,-103.124470,0,30,70,2,0,0,600.0,0,1,3.50,,,,,,,,
301,6-Aug-21,6,4,1,1,37.799730,-102.853870,0,90,10,0,0,0,45.5,20,1,4.60,,,,,,,,
302,6-Aug-21,6,4,1,1,37.799740,-102.853850,0,25,75,0,0,0,48.6,90,1,2.20,,,,,,,,
303,6-Aug-21,6,4,1,1,37.799770,-102.853820,3,30,70,1,0,0,52.5,0,1,3.30,,,,,,,,
304,6-Aug-21,6,4,1,1,37.799790,-102.853740,0,80,20,0,0,0,59.8,221,1,3.10,,,,,,,,
305,6-Aug-21,6,4,1,1,37.799880,-102.853590,0,83,17,0,0,0,75.8,38,1,3.50,,,,,,,,
306,6-Aug-21,6,4,1,1,37.799910,-102.853520,15,98,2,0,0,0,80.8,118,1,3.00,,,,,,,,15% Cactus
307,6-Aug-21,6,4,1,1,37.800000,-102.853300,0,77,23,0,0,0,100.7,178,1,2.00,,,,,,,,
308,6-Aug-21,6,4,1,1,37.800030,-102.853300,0,82,18,0,0,0,101.4,56,1,3.50,,,,,,,,
309,6-Aug-21,6,4,1,1,37.800070,-102.852860,0,45,55,0,0,0,141.7,66,1,3.00,,,,,,,,
310,6-Aug-21,6,4,1,1,37.800060,-102.852760,5,96,4,0,0,0,146.0,107,1,3.50,,,,,,,,
311,6-Aug-21,6,4,1,1,37.800110,-102.852130,0,40,60,0,0,0,200.0,0,,,,,,,,,,
312,6-Aug-21,6,4,1,0,37.800130,-102.851740,18,50,25,2,0,0,235.5,76,1,2.90,,,,,,,,
313,6-Aug-21,6,4,1,1,37.800140,-102.851690,1,65,35,0,0,0,240.0,56,1,4.40,,,,,,,,
314,6-Aug-21,6,4,1,1,37.800180,-102.851590,2,63,37,0,0,0,250.6,28,1,2.00,,,,,,,,
315,6-Aug-21,6,4,1,1,37.800180,-102.851560,0,90,10,0,0,0,251.0,70,1,4.30,,,,,,,,
316,6-Aug-21,6,4,1,1,37.800210,-102.851540,0,95,5,0,0,0,254.9,273,1,2.90,,,,,,,,
317,6-Aug-21,6,4,1,1,37.800170,-102.851300,5,85,10,0,0,0,274.0,150,1,2.70,,,,,,,,
318,6-Aug-21,6,4,1,1,37.800180,-102.851120,2,65,35,0,0,0,285.8,103,1,3.20,,,,,,,,
319,6-Aug-21,6,4,1,1,37.800200,-102.851040,0,85,15,0,0,0,298.0,150,,,,,,,,,,
320,6-Aug-21,6,4,1,1,37.800220,-102.851000,45,25,80,0,0,0,297.4,204,1,3.10,,,,,,,,
321,6-Aug-21,6,4,1,1,37.800410,-102.851200,0,75,25,0,0,0,11.6,139,1,2.00,,,,,,,,
322,6-Aug-21,6,4,1,1,37.800390,-102.851200,0,56,38,0,0,0,13.6,140,1,6.00,,,,,,,,
323,6-Aug-21,6,4,1,1,37.800410,-102.851200,0,25,75,0,0,0,14.7,22,1,4.40,,,,,,,,
324,6-Aug-21,6,4,1,1,37.800380,-102.851230,0,75,25,0,0,0,18.3,27,1,2.00,,,,,,,,
325,6-Aug-21,6,4,1,1,37.800400,-102.851270,0,80,20,0,0,0,112.9,41.5,1,2.20,,,,,,,,
326,6-Aug-21,6,4,1,1,37.800310,-102.851750,5,23,72,0,0,0,160.6,22,1,3.60,,,,,,,,
327,6-Aug-21,6,4,1,1,37.800370,-102.851760,0,100,0,0,0,0,161.4,110,1,4.00,,,,,,,,
328,6-Aug-21,6,4,1,1,37.800370,-102.852070,13,25,62,0,0,0,85.3,24,1,3.00,,,,,,,,
329,6-Aug-21,6,4,1,1,37.800210,-102.852100,2,24,76,0,0,0,179.2,91,1,2.00,,,,,,,,
330,6-Aug-21,6,4,1,0,37.800170,-102.853320,13,20,67,0,0,0,200.0,0,,,,,,,,,,
331,6-Aug-21,6,4,1,1,37.800040,-102.853650,25,20,50,0,0,0,230.7,104,1,3.60,,,,,,,,
332,6-Aug-21,6,4,1,1,37.800050,-102.853470,0,40,60,0,0,0,241.4,76,1,2.50,,,,,,,,
333,6-Aug-21, ,4,1,1,37.800050,-102.853760,0,90,10,0,0,0,241.5,32,1,3.50,,,,,,,,
334,6-Aug-21,6,4,1,1,37.800050,-102.853770,0,85,15,0,0,0,241.4,51.5,1,2.80,,,,,,,,
335,6-Aug-21,6,4,1,1,37.800020,-102.853790,0,87,13,0,0,0,241.6,149,1,2.70,,,,,,,,
336,7-Aug-21,7,5,1,1,37.795040,-102.810400,20,15,65,0,0,0,27.1,68,1,4.00,,,,,,,,
337,7-Aug-21,7,5,1,1,37.79504,-102.810410,20,30,0,50,0,0,26.7,97,1,3.00,,,,,,,,
338,7-Aug-21,7,5,1,1,37.791514,-102.810440,0,42,58,0,0,0,30.0,23,1,2.00,,,,,,,,
339,7-Aug-21,7,5,1,1,37.791360,-102.810370,0,77,23,0,0,0,27.3,39,1,5.00,,,,,,,,
340,7-Aug-21,7,5,1,1,37.795720,-102.810200,0,0,0,0,0,0,66.9,65,1,3.70,,,,,,,,
341,7-Aug-21,7,5,1,1,37.796260,-102.810060,5,10,85,0,0,0,130.2,205,1,2.80,,,,,,,,
342,7-Aug-21,7,5,1,1,37.796260,-102.810030,0,70,30,0,0,0,131.1,76.5,1,3.20,,,,,,,,
343,7-Aug-21,7,5,1,1,37.796280,-102.810050,3,15,82,0,0,0,131.5,91,1,1.90,,,,,,,,
344,7-Aug-21,7,5,1,0,37.798500,-102.809730,0,47,53,0,0,0,200.0,0,,,,,,,,,,
345,7-Aug-21,7,5,1,1,37.787260,-102.809730,0,68,32,0,0,0,246.0,147,1,5.30,,,,,,,,
346,7-Aug-21,7,5,1,1,37.797280,-102.809700,0,80,20,0,0,0,248.0,121,1,2.30,,,,,,,,
347,7-Aug-21,7,5,1,1,37.797450,-102.809600,3,71,20,0,0,0,265.5,84,1,2.00,,,,,,,,
348,7-Aug-21,7,5,1,1,37.797550,-102.809560,0,100,0,0,0,0,274.5,27,1,2.00,,,,,,,,
349,7-Aug-21,7,5,1,1,37.797550,-102.809550,0,95,5,0,0,0,281.3,36,1,7.00,,,,,,,,
350,7-Aug-21,7,5,1,1,37.797870,-102.809400,0,77,23,0,0,0,319.0,42,1,3.00,,,,,,,,
351,7-Aug-21,7,5,1,1,37.797540,-102.808710,0,50,50,0,0,0,8.0,0,1,5.00,,,,,,,,
352,7-Aug-21,7,5,1,1,37.797000,-102.808840,0,100,0,0,0,0,48.3,23,1,4.00,,,,,,,,
353,7-Aug-21,7,5,1,1,37.797060,-102.808850,5,80,70,0,0,0,49.2,21.5,1,3.50,,,,,,,,
354,7-Aug-21,7,5,1,1,37.796820,-102.806850,0,80,20,0,0,0,76.2,141,1,2.10,,,,,,,,
355,6-Aug-21,6,4,1,1,37.800220,-102.851080,0,75,25,0,0,0,296.3,94,1,3.00,,,,,,,,
356,6-Aug-21,6,4,1,1,37.800440,-102.851160,0,55,40,0,0,5,7.2,48,1,2.00,,,,,,,,Tree= Cactus
357,6-Aug-21,6,4,1,1,37.800390,-102.852070,0,65,35,0,0,0,85.3,83,1,3.00,,,,,,,,
358,6-Aug-21,6,4,1,1,37.800390,-102.852130,0,88,12,0,0,0,94.2,69,1,2.80,,,,,,,,
359,6-Aug-21,6,4,1,1,37.800350,-102.852490,0,70,30,0,0,2,123.1,38,1,4.00,,,,,,,,Tree=Cactus
360,6-Aug-21,6,4,1,1,37.800380,-102.852490,5,15,80,0,0,0,123.2,292,1,3.00,,,,,,,,
361,6-Aug-21,6,4,1,1,37.800320,-102.852520,1,97,3,0,0,0,126.4,75,1,3.20,,,,,,,,
362,6-Aug-21,6,4,1,1,37.800260,-102.853090,0,75,25,0,0,0,177.3,0,1,1.50,,,,,,,,
363,6-Aug-21,6,4,1,0,37.800210,-102.853360,0,90,10,0,0,0,200.0,0,,,,,,,,,,
364,6-Aug-21,6,4,1,1,37.800180,-102.853370,0,80,20,0,0,0,201.5,30,1,4.00,,,,,,,,
365,6-Aug-21,6,4,1,1,37.800190,-102.853480,0,85,15,0,0,0,211.6,41,1,2.30,,,,,,,,
366,6-Aug-21,6,4,1,1,37.800170,-102.853470,0,87,13,0,0,0,210.6,45,1,4.00,,,,,,,,
367,6-Aug-21,6,4,1,1,37.800150,-102.853460,0,10,90,0,0,0,211.0,240,1,3.10,,,,,,,,
368,6-Aug-21,6,4,1,1,37.800150,-102.852460,1,65,35,0,0,0,211.9,240,1,2.90,,,,,,,,
369,6-Aug-21,6,4,1,1,37.800100,-102.853690,2,83,17,0,0,0,231.3,40,1,3.50,,,,,,,,
370,6-Aug-21,6,4,1,1,37.800130,-102.853710,0,77,23,0,0,0,233.7,63,1,2.30,,,,,,,,
371,6-Aug-21,6,4,1,1,37.800080,-102.853740,0,48,52,0,0,0,238.4,283,1,2.50,,,,,,,,
372,6-Aug-21,6,4,1,1,37.800100,-102.853780,0,7,23,0,0,0,239.0,20,1,2.50,,,,,,,,
373,6-Aug-21,6,4,1,1,37.800040,-102.854060,0,90,1-,0,0,0,264.8,42,1,2.20,,,,,,,,
374,6-Aug-21,6,4,1,1,37.799960,-102.854210,0,83,18,0,0,0,278.0,190,1,3.50,,,,,,,,
375,6-Aug-21,6,4,1,1,37.799940,-102.854480,0,44,56,0,0,0,305.4,48,1,2.00,,,,,,,,
376,7-Aug-21,7,5,1,1,37.794940,-102.810310,20,66,4,0,0,0,0.0,0,1,3.70,,,,,,,,
377,7-Aug-21,7,5,1,1,37.794930,-102.810110,3,87,10,0,0,0,0.0,35,1,1.70,,,,,,,,
378,7-Aug-21,7,5,1,1,37.795120,-102.810480,0,55,45,0,0,0,1.1,242.3,1,5.00,,,,,,,,
379,7-Aug-21,7,5,1,1,37.795250,-102.810500,0,80,20,0,0,0,12.4,122,1,3.10,,,,,,,,
380,7-Aug-21,7,5,1,1,37.795250,-102.810490,55,25,10,0,0,0,13.2,41,1,2.70,,,,,,,,
381,7-Aug-21,7,5,1,1,37.795420,-102.810390,34,66,0,0,0,0,31.4,132,1,2.40,,,,,,,,
382,7-Aug-21,7,5,1,1,37.795570,-102.810390,5,30,70,0,0,0,46.9,94,1,2.40,,,,,,,,
383,7-Aug-21,7,5,1,1,37.795590,-102.810360,4,35,55,0,0,0,49.3,74,1,3.40,,,,,,,,
384,7-Aug-21,7,5,1,1,37.796310,-102.810090,2,15,85,0,0,0,129.4,40,1,3.00,,,,,,,,
385,7-Aug-21,7,5,1,1,37.796290,-102.810070,0,65,35,0,0,0,130.5,164,1,2.60,,,,,,,,
386,7-Aug-21,7,5,1,1,37.796300,-102.810060,0,95,5,0,0,0,133.2,57,1,5.00,,,,,,,,
387,7-Aug-21,7,5,1,1,37.796310,-102.810060,0,89,11,0,0,0,135.1,50,1,1.70,,,,,,,,
388,7-Aug-21,7,5,1,1,37.796370,-102.810030,0,42,58,0,0,0,138.5,27.5,1,3.20,,,,,,,,
389,7-Aug-21,7,5,1,0,37.796860,-102.804770,1,7,92,0,0,0,200.0,0,,,,,,,,,,
390,7-Aug-21,7,5,1,1,37.796800,-102.808850,5,75,20,0,0,0,77.3,216.5,1,3.20,,,,,,,,
391,7-Aug-21,7,5,1,1,37.796710,-102.808850,0,100,0,0,0,0,84.8,73,1,4.00,,,,,,,,
392,7-Aug-21,7,5,1,1,37.799663,-102.808850,5,92,18,0,0,0,92.8,103,1,4.50,,,,,,,,
393,7-Aug-21,7,5,1,1,37.796250,-102.808940,2,83,15,0,0,45,138.0,189,1,1.90,,,,,,,,Tree=Cactus
394,7-Aug-21,7,5,1,1,37.795760,-102.809070,2,21,23,0,0,0,191.1,165,1,3.80,,,,,,,,
395,7-Aug-21,7,5,1,0,37.795680,-102.809080,13,3,3,0,0,0,200.0,0,,,,,,,,,,
396,7-Aug-21,7,5,1,1,37.795510,-102.809100,14,18,18,0,0,0,215.3,19.5,1,1.80,,,,,,,,
397,7-Aug-21,7,5,1,1,37.797120,-102.809750,0,20,80,0,0,0,229.8,134,1,2.90,,,,,,,,
398,7-Aug-21,7,5,1,1,37.797470,-102.809620,0,85,15,0,0,0,268.5,60,1,4.00,,,,,,,,
399,7-Aug-21,7,5,1,1,37.797690,-102.809520,0,90,10,0,0,0,293.0,72,1,3.40,,,,,,,,
400,7-Aug-21,7,5,1,1,37.797370,-102.808760,0,75,25,0,0,0,15.4,0,1,3.50,,,,,,,,
401,7-Aug-21,7,5,1,1,37.797050,-102.808820,0,80,20,0,0,0,49.3,180,1,4.20,,,,,,,,
402,7-Aug-21,7,5,1,1,37.796960,-102.808830,0,65,35,0,0,0,59.1,69,1,1.60,,,,,,,,
403,7-Aug-21,7,5,1,1,37.796810,-102.808810,0,90,10,0,0,0,76.4,0,1,2.00,,,,,,,,
404,7-Aug-21,7,5,1,1,37.796780,-102.808830,0,65,35,0,0,0,78.8,40,1,3.00,,,,,,,,
405,7-Aug-21,7,5,1,1,37.796770,-102.808830,0,87,13,0,0,0,78.9,0,1,3.00,,,,,,,,
406,7-Aug-21,7,5,1,1,37.796790,-102.808790,0,40,60,0,0,0,76.6,48,1,2.10,,,,,,,,
407,7-Aug-21,7,5,1,1,37.796750,-102.808780,0,73,27,0,0,0,78.1,44,1,3.30,,,,,,,,
408,7-Aug-21,7,5,1,1,37.796740,-102.808830,0,68,32,0,0,0,79.1,76,1,3.90,,,,,,,,
409,7-Aug-21,7,5,1,1,37.796720,-102.808800,0,70,30,0,0,0,80.6,53,1,2.00,,,,,,,,
410,7-Aug-21,7,5,1,1,37.796730,-102.808810,0,87,13,0,0,0,81.5,34,1,3.00,,,,,,,,
411,7-Aug-21,7,5,1,1,37.796710,-102.808810,6,69,31,0,0,0,82.7,50,1,3.50,,,,,,,,
412,7-Aug-21,7,5,1,1,37.796730,-102.808830,1,38,62,0,0,0,83.1,273,1,2.00,,,,,,,,
413,7-Aug-21,7,5,1,1,37.796700,-102.808810,0,90,10,0,0,0,84.7,39,1,2.50,,,,,,,,
414,7-Aug-21,7,5,1,1,37.796300,-102.808820,0,65,35,0,0,0,128.8,54,1,3.50,,,,,,,,
415,7-Aug-21,7,5,1,1,37.796040,-102.808970,0,32,68,0,0,0,159.7,52,1,4.10,,,,,,,,
416,7-Aug-21,7,5,1,1,37.795770,-102.809010,25,30,75,0,0,0,190.0,18,1,1.50,,,,,,,,
417,7-Aug-21,7,5,1,1,37.795680,-102.809010,10,12,85,0,0,0,196.7,96,1,2.80,,,,,,,,
418,7-Aug-21,7,5,1,0,37.795660,-102.809010,0,30,70,0,0,0,200.0,0,,,,,,,,,,
419,7-Aug-21,7,5,1,1,37.795550,-102.804030,45,2,35,0,0,0,207.6,0,1,2.20,,,,,,,,
420,7-Aug-21,7,5,1,1,37.795460,-102.809070,4,15,85,0,0,0,217.0,51,1,3.80,,,,,,,,Burrow partially under cow dung
,,,,,,,,,,,,,,,,,,,,,,,,,
,,,,,,,,,,,,,,,,,,,,,,,,,
,,,,,,,,,,,,,,,,,,,,,,,,,
,,,,,,,,,,,,,,,,,,,,,,,,,
,,,,,,,,,,,,,,,,,,,,,,,,,
,,,,,,,,,,,,,,,,,,,,,,,,,
,,,,,,,,,,,,,,,,,,,,,,,,,
,,,,,,,,,,,,,,,,,,,,,,,,,
,,,,,,,,,,,,,,,,,,,,,,,,,
,,,,,,,,,,,,,,,,,,,,,,,,,
,,,,,,,,,,,,,,,,,,,,,,,,,
,,,,,,,,,,,,,,,,,,,,,,,,,
,,,,,,,,,,,,,,,,,,,,,,,,,
,,,,,,,,,,,,,,,,,,,,,,,,,
,,,,,,,,,,,,,,,,,,,,,,,,,
,,,,,,,,,,,,,,,,,,,,,,,,,
,,,,,,,,,,,,,,,,,,,,,,,,,
,,,,,,,,,,,,,,,,,,,,,,,,,
,,,,,,,,,,,,,,,,,,,,,,,,,
,,,,,,,,,,,,,,,,,,,,,,,,,
,,,,,,,,,,,,,,,,,,,,,,,,,
,,,,,,,,,,,,,,,,,,,,,,,,,
,,,,,,,,,,,,,,,,,,,,,,,,,
,,,,,,,,,,,,,,,,,,,,,,,,,
,,,,,,,,,,,,,,,,,,,,,,,,,
,,,,,,,,,,,,,,,,,,,,,,,,,
,,,,,,,,,,,,,,,,,,,,,,,,,
,,,,,,,,,,,,,,,,,,,,,,,,,
,,,,,,,,,,,,,,,,,,,,,,,,,
,,,,,,,,,,,,,,,,,,,,,,,,,
,,,,,,,,,,,,,,,,,,,,,,,,,
,,,,,,,,,,,,,,,,,,,,,,,,,
,,,,,,,,,,,,,,,,,,,,,,,,,
,,,,,,,,,,,,,,,,,,,,,,,,,
,,,,,,,,,,,,,,,,,,,,,,,,,
,,,,,,,,,,,,,,,,,,,,,,,,,
,,,,,,,,,,,,,,,,,,,,,,,,,
,,,,,,,,,,,,,,,,,,,,,,,,,
,,,,,,,,,,,,,,,,,,,,,,,,,
,,,,,,,,,,,,,,,,,,,,,,,,,
,,,,,,,,,,,,,,,,,,,,,,,,,
,,,,,,,,,,,,,,,,,,,,,,,,,
,,,,,,,,,,,,,,,,,,,,,,,,,
,,,,,,,,,,,,,,,,,,,,,,,,,
,,,,,,,,,,,,,,,,,,,,,,,,,
,,,,,,,,,,,,,,,,,,,,,,,,,
,,,,,,,,,,,,,,,,,,,,,,,,,
,,,,,,,,,,,,,,,,,,,,,,,,,
,,,,,,,,,,,,,,,,,,,,,,,,,
,,,,,,,,,,,,,,,,,,,,,,,,,
,,,,,,,,,,,,,,,,,,,,,,,,,
,,,,,,,,,,,,,,,,,,,,,,,,,
,,,,,,,,,,,,,,,,,,,,,,,,,
,,,,,,,,,,,,,,,,,,,,,,,,,
,,,,,,,,,,,,,,,,,,,,,,,,,
,,,,,,,,,,,,,,,,,,,,,,,,,
,,,,,,,,,,,,,,,,,,,,,,,,,
